{"mean": [-0.017389830161806133, 0.06566322883743769, 0.9904985873127866, 0.7166685779852324, 0.9956518715384033, 0.9763986782829118, -0.0009168180749145977, 0.008018593717727814, -0.0011198221676361972, 0.0031634953774622933, 0.00747288062629943, 0.8778398423891308, 0.0028950038398283255, 0.0034645977387117955, 0.4198389316991541, 0.05682346869654224, 0.008248349437071494, 0.007643479778424919, -0.017415205248561105, 0.06588059533895314, 0.9919286489088208, 0.7171967876054934, 0.9970971526731629, 0.9777973958098459, -0.0009170273035615719, 0.00786289143606584, -0.0011069752147981114, 0.003166689461097208, 0.007479856058930066, 0.8792403099293582, 0.0028983919071059396, 0.0034669893156138104, 0.4198901513023507, 0.056905579503950886, 0.008260307321580687, 0.007654640470633946, -0.01744039888378526, 0.06610199848862278, 0.9933587105121636, 0.7177248158651609, 0.9985424381021151, 0.9791959892804433, -0.000916885271860865, 0.007749363284164915, -0.001094832220953056, 0.003169530122833653, 0.0074866321934855895, 0.880641574657861, 0.002899587695556845, 0.003469380892515696, 0.4199411716078752, 0.056988686801736584, 0.008272065908014893, 0.007664605374391322, -0.017465460313188717, 0.06632642638424842, 0.9947887342588934, 0.7182527345091453, 0.999987722544383, 0.980594392127565, -0.0009167687479717479, 0.0076771243774029834, -0.0010830778661281464, 0.0031724478464891697, 0.007493607626115945, 0.8820434372772348, 0.0029023778686090343, 0.003471573171342402, 0.4199909961249336, 0.05707478357065135, 0.008284023792524506, 0.007674968874299551], "variance": [0.18814720502815, 0.009416692869697324, 0.004995650275395631, 0.10809323310737005, 0.004317287613396258, 0.018670847430034325, 0.017480865484787902, 0.1405029092184973, 0.037452629382307985, 0.007537714633778943, 0.0074170357063821956, 0.10723704514064088, 0.0028866224171265383, 0.0034525938551827427, 0.24357420152219358, 0.05359455738456294, 0.00818031311701202, 0.007585055998107322, 0.18836280206111805, 0.00943899126982148, 0.003578060981313713, 0.10780747934449665, 0.002882459020367916, 0.017321802289501646, 0.017484079259387143, 0.14060798617184286, 0.03754365006511316, 0.007547289137552985, 0.007423906836565888, 0.10617677896293938, 0.0028899908557329245, 0.0034549688543769577, 0.24358241053503482, 0.053667329805458346, 0.008192073591230978, 0.007596045951518599, 0.18857701025801554, 0.009462480450471409, 0.0021563815364884203, 0.10752128865583553, 0.0014434526965607076, 0.015968924824693885, 0.017487227642794388, 0.14069853992095538, 0.037635471612108055, 0.007556105906968164, 0.007430581555574708, 0.10511198327637304, 0.0028911797109519924, 0.0034573438421085317, 0.24359058239021625, 0.053740971655944804, 0.00820363777867617, 0.00760585819941876, 0.1887898912561682, 0.00948682226972039, 0.0007306359604956483, 0.10723462212891707, 2.6862170074946916e-07, 0.014612283466075496, 0.017490373686404836, 0.1407804137566062, 0.03772707521915068, 0.0075653040086862845, 0.007437452493975423, 0.1040428036616675, 0.0028939536950838645, 0.003459520904160151, 0.24359855769304486, 0.05381724792564772, 0.008215397685744736, 0.007616062726493181], "epsilon": 1e-08}