{"mean": [-0.005100455635863402, 0.0238244173055464, 0.9792479914331688, 0.9626504457051044, -0.0002455036977202042, 0.005364875386129889, 0.0010656229054034675, 0.001604031017152986, 0.013821211365758276, 0.918790662246209, 0.00699032426053408, 0.008398353937508415, 0.023243949318235042, 0.2554811567275135, 0.03410760070237212, 0.00788018307081035, -0.005097661563471372, 0.02385402113729124, 0.9804753588500823, 0.9638566279130882, -0.0002452326544435192, 0.0053683564312662704, 0.0010625269001684693, 0.0016070204641421752, 0.013822207848190151, 0.9199675079743607, 0.007005271497011334, 0.008410311726690364, 0.0232449458006669, 0.255879749702915, 0.03415941778890174, 0.007888154930264984, -0.005094976096920473, 0.023883827587160608, 0.9817027262669855, 0.965062810121041, -0.0002453028067458947, 0.0053710270043842104, 0.001056701915123835, 0.0016092924439519581, 0.01382320433062183, 0.9211393712862633, 0.007012246874033997, 0.008422269515946164, 0.023245942283098602, 0.25627834267809624, 0.03421123487543087, 0.007897123272151344, -0.005092365056008455, 0.023913626065084584, 0.982930093683889, 0.9662689923290246, -0.0002459169587510982, 0.005378892571813674, 0.001052440519960144, 0.0016119497301738928, 0.013824200813053572, 0.9223122310819991, 0.007027194110511268, 0.008437216752423473, 0.023245942283098512, 0.2566749426878156, 0.03426205547952769, 0.00790509513160577], "variance": [0.239307547119698, 0.004993311529981973, 0.0048859038560311865, 0.006009645733965206, 0.003928826423742486, 0.05334332331905973, 0.024685213867823363, 0.00564658349998514, 0.013630184636001791, 0.07461437236157703, 0.006941458833465963, 0.008327820615421531, 0.022703667394744227, 0.19021053350094488, 0.032944269000783906, 0.007818084920013176, 0.23959043264611815, 0.004998632223962475, 0.003682373268488988, 0.004848074857094495, 0.003931683415883784, 0.053405963548507955, 0.02470586531514926, 0.005657209600321641, 0.013631153572097411, 0.07362728338252666, 0.006956196873448108, 0.008339577408780652, 0.022704617551654257, 0.1904053016122834, 0.03299254868447319, 0.007825931075495602, 0.23987329006550595, 0.005003984983420036, 0.0024758298193946243, 0.0036835942291860986, 0.003934069928980102, 0.05347106194715379, 0.024726335194861383, 0.005665908803851418, 0.013632122506207257, 0.07264162107503139, 0.006963074472033017, 0.008351333916045442, 0.022705567706578392, 0.1905997519708633, 0.03304082299814232, 0.0078347578484579, 0.2401561218298227, 0.005009359374094252, 0.0012662735087480919, 0.002516203850239981, 0.0039369523612194325, 0.053535147672690644, 0.024746726473506488, 0.00567581298481451, 0.0136330914383312, 0.07165237058957855, 0.006977811855349536, 0.008366029147715658, 0.02270556770657808, 0.19079291470507084, 0.03308816374357817, 0.007842603733850421], "epsilon": 1e-08}