{"mean": [-0.18316914405719623, -0.0027807525793204775, 0.9542669691251484, 0.5418795694957018, 0.028589870102201296, 0.000854065103027269, 0.016890908652426224, 0.0038320726044643034, 0.057139299241768804, 0.9152212614122941, 0.0010383346940277549, 0.0008938447414142833, 0.5779946841717886, 0.13663069645078565, 0.023413351226069527, 0.011024085144158738, -0.18327575641803653, -0.0027818872406586786, 0.9550679865338659, 0.5419267031204498, 0.028589980423275735, 0.0008573867110714668, 0.017073484606790458, 0.0038244063327156747, 0.05714228868913763, 0.9160872046365548, 0.0010383346940277516, 0.0008948412238461109, 0.5780245786435376, 0.1367094185641624, 0.023456199970637366, 0.011052983134681511, -0.183379540092184, -0.002783418834140796, 0.9558690039467694, 0.5419737968873104, 0.028589171846021885, 0.0008599509925402257, 0.017256485745855765, 0.0038143086443689243, 0.05714527813650851, 0.9169531478643907, 0.0010383346940277525, 0.0008948412238461107, 0.5780524801510346, 0.13680009846664395, 0.023493069820614814, 0.011078891677908684, -0.18348048181620227, -0.002785323776367229, 0.9566700213626234, 0.5420208906538692, 0.028588834883017878, 0.0008627810024001032, 0.01743882179401622, 0.003805393447763202, 0.057148267583878004, 0.9178190910940002, 0.0010383346940277542, 0.0008958377062779, 0.5780783886935235, 0.13689675726364586, 0.02352894318816025, 0.011101810773840563], "variance": [0.02253290334931621, 0.001955189533896744, 0.007663287868751062, 0.08997563269925489, 0.012427300683452483, 0.007129229575188445, 0.0664484230672919, 0.014538393178302855, 0.05387439517667873, 0.07759129426266287, 0.0010372565125238429, 0.0008930457619917104, 0.24391683085933963, 0.11796274405088747, 0.022865163647833118, 0.010902553365269697, 0.022522703862398016, 0.0019555162417446326, 0.006878806516500141, 0.08993084441707248, 0.012427335185095957, 0.0071337132870126834, 0.06654574044128361, 0.01455849330689893, 0.053877042985112984, 0.076871428346247, 0.0010372565125238108, 0.0008940404619937565, 0.2439121667441033, 0.11801994825310153, 0.022906004086579185, 0.010930813369390032, 0.022512142723506465, 0.0019558629631556837, 0.006093041906323578, 0.08988607815599083, 0.012427816094897765, 0.0071374072950196625, 0.06664361274606585, 0.01458231311707995, 0.053879690775674914, 0.07615006271553997, 0.001037256512523811, 0.0008940404619937566, 0.24390781195770145, 0.11808582633966103, 0.0229411429196861, 0.010956148504952929, 0.022501265611309128, 0.0019562581869809496, 0.005305994037679238, 0.08984130745950007, 0.012428011433807533, 0.007141388526089124, 0.0667414896774627, 0.014605916990745288, 0.053882338548363655, 0.07542719736783066, 0.0010372565125238435, 0.0008950351600098597, 0.24390376683431297, 0.11815602992726336, 0.022975329444661685, 0.010978559236671688], "epsilon": 1e-08}