{"mean": [-0.3270147149052406, 0.003969854072320076, 0.9484107532954374, 0.9081529446296325, -0.13571941242830737, 0.0026834341361784506, 0.2422498610306882, 0.006461484119001335, 0.0007224497630674673, 0.5899584477809262, 0.0029456020685258203, 0.0029924367427470113, 0.11333094399624284, 0.19096888394556247, 0.02790051162418943, 0.027758014636291035, -0.33082114729495155, 0.003946092284955752, 0.9654362046188766, 0.9132631878731963, -0.13574831041853208, 0.0028804586420859723, 0.24225733464840868, 0.007214931127346811, 0.0007732703670901503, 0.6067760814013858, 0.0029585563401394776, 0.0029974191549061602, 0.13033093444853405, 0.19101771158509068, 0.027901508106621196, 0.027758014636290972, -0.33462763572501386, 0.003935353857127564, 0.9824580196467982, 0.9166971538388354, -0.13577720840964966, 0.003061951300863224, 0.24226381178369072, 0.007908350005200522, 0.0008240909711128169, 0.6236285919170553, 0.002976493023912211, 0.003005391014360685, 0.1473319213854846, 0.19106653922469358, 0.02790250458905304, 0.02775801463629112, -0.33843378783738776, 0.00393190270624795, 0.9994752022855624, 0.9184442870928949, -0.1357971380584728, 0.0030960974309522447, 0.24227078716063863, 0.008018959552424612, 0.0008749115751355013, 0.6405548421125706, 0.0029854613657985907, 0.003006387496792461, 0.16433789072716926, 0.19111536686444558, 0.027902504589052933, 0.027758014636291007], "variance": [0.014145176016435152, 0.004707589279445769, 0.0487875901504461, 0.061078972317324294, 0.05058889142932419, 0.02751339093298655, 0.07658550171507338, 0.02304819824045495, 0.0007219278273772856, 0.24190747452855077, 0.0029369251936449295, 0.0029834817577912764, 0.10048703585622216, 0.1544997648713749, 0.02712206999942938, 0.02698750426381973, 0.012500328073805314, 0.004711828272390145, 0.03321859389862684, 0.05333703836235018, 0.050598983240623154, 0.02771583170625611, 0.07658561750218928, 0.023760669369108985, 0.0007726724115848488, 0.23859886535658037, 0.002949802979298107, 0.002988434325247352, 0.11334477685184119, 0.1545299410083247, 0.027123010875974518, 0.026987504263819573, 0.010826496416007882, 0.00471444728417913, 0.017075754550789645, 0.047784373973711075, 0.05060757865866457, 0.02791065968085059, 0.07658571776056022, 0.024446102116804286, 0.0008234118303248306, 0.23471596822332277, 0.002967633206292325, 0.0029963583300263107, 0.12562522146115568, 0.1545601123771662, 0.027123951750533285, 0.02698750426381977, 0.00912373829524902, 0.004716372876043983, 0.0003613407680137091, 0.04480547278401651, 0.05061462230790141, 0.027960430837152342, 0.07658582563751151, 0.024545614370712045, 0.0008741460835971952, 0.23024433334815045, 0.0029765480782998734, 0.002997348821672016, 0.13733094386800884, 0.15459027897835653, 0.02712395175053334, 0.026987504263819663], "epsilon": 1e-08}