{"mean": [-0.07794471114085223, -0.0027793628259058607, 0.911026109931702, 0.5207814223192848, -7.174673501659326e-05, 0.00078926717909455, 0.030017538619631474, 0.0028882709035683517, 0.11166482528694142, 0.854323233319565, 0.0010762010263625631, 0.0009147708725566802, 0.6476428239596643, 0.1840562850518856, 0.053905713734782534, 0.0071647086849883825, -0.07797820540840487, -0.0027796836932558865, 0.9117178679844347, 0.520810464793369, -7.174673501659334e-05, 0.0007900643650103101, 0.030028001685314307, 0.002905436973489015, 0.11167279714617444, 0.8551343699690125, 0.0010762010263625616, 0.0009147708725566805, 0.647759412395136, 0.18421970817226027, 0.053984435847489215, 0.007173677026874751, -0.0780114754658631, -0.0027801623370620116, 0.9124096260366009, 0.520839507269387, -7.174673501659341e-05, 0.0007910741340342959, 0.03004593836927265, 0.002896176330082935, 0.111680769005408, 0.8559455066187621, 0.001076201026362564, 0.000914770872556681, 0.6478690254552811, 0.1846920408498444, 0.05407212630200849, 0.007200582052533868, -0.0780450320114636, -0.002781069136048557, 0.9131023805734793, 0.5208695462268652, -7.174673501659337e-05, 0.0007922964858486663, 0.03006287857076152, 0.0028847898575595746, 0.11168874086463954, 0.8567556467870575, 0.0010762010263625644, 0.0009147708725566778, 0.6479686736907396, 0.1851862961398081, 0.054147858967346627, 0.007226490595760985], "variance": [0.009367337676090172, 0.0018131542380247661, 0.019212637410576047, 0.09148299674852656, 0.0005734705149811633, 0.006626439818074333, 0.01825208583152567, 0.013317117870511047, 0.09919578677460131, 0.1244550375574869, 0.0010750427689217394, 0.0009139340428428139, 0.2282015961904239, 0.15017956479717845, 0.05099988334799292, 0.007113374753698517, 0.009365312693349242, 0.001813449739313747, 0.018560242399613614, 0.09145780172125306, 0.0005734705149811629, 0.006627655242162059, 0.0182611732743166, 0.01333837732819996, 0.099201978218169, 0.12387957046019152, 0.0010750427689217312, 0.000913934042842849, 0.2281671556998133, 0.15028280310573522, 0.05107011211755314, 0.007122214502768837, 0.009363291955264677, 0.0018137409324668961, 0.01790689033152277, 0.09143260500892997, 0.000573470514981161, 0.006628966699182722, 0.018280523636615288, 0.013360941283676129, 0.09920816953432579, 0.12330278748083266, 0.0010750427689217256, 0.0009139340428428172, 0.22813475095695204, 0.1505808867095517, 0.05114832703982989, 0.007148732785001319, 0.009361450206927049, 0.0018140499668869608, 0.01725175790568532, 0.0914073650178293, 0.0005734705149811635, 0.00663039686422067, 0.01829943502941335, 0.01338168487182018, 0.09921436072306442, 0.12272539961668226, 0.0010750427689217316, 0.000913934042842826, 0.22810527124703597, 0.15089232768190375, 0.0512158639130998, 0.0071742675403302526], "epsilon": 1e-08}