{"mean": [0.24629139095906216, 0.041382337342768104, 0.9713109079998652, 0.7653093771492724, 0.08605223736915649, 0.011362291418561703, -0.16219545308032252, 0.0016295674678072514, 0.0020437854676570804, 0.7122378008800249, 0.01100116604971173, 0.44212630072048287, 0.10326049245796279, 0.01783105663775822, 0.24773776040902296, 0.041387068641183335, 0.9803874689554489, 0.7658617667966834, 0.08605721978127899, 0.011375165970858785, -0.1621994390099773, 0.0016311352668442014, 0.0020637151162933754, 0.7206740208279432, 0.011007144944302777, 0.4511982766005992, 0.10328042210674805, 0.017832053120190053, 0.24918402398038766, 0.04139155513750263, 0.9894636316499004, 0.7662490394496241, 0.08606270043461642, 0.011388199961389633, -0.16220242845720068, 0.0016328093572078868, 0.0020846412473615756, 0.7289358563542472, 0.011015116803757342, 0.46026925599033713, 0.10330035175545754, 0.017833049602621807, 0.25063016921415104, 0.04139578354454521, 0.9985393961520583, 0.7664581413398764, 0.08606867932924367, 0.011399240986637067, -0.16220591614567248, 0.0016325702013885947, 0.0021055673784297255, 0.7378473984075142, 0.0110191027334847, 0.4693432248242453, 0.10332028140409447, 0.01783304960262199], "variance": [0.015187750647329905, 0.008075387904378594, 0.027352012826245293, 0.10111978567364187, 0.036695338739221234, 0.09910203510409785, 0.06435011552592854, 0.014068831629987531, 0.0020396082005658986, 0.20495511291754032, 0.01088013914983628, 0.2466506368860056, 0.09259775771989673, 0.017513108031500142, 0.014706644020083467, 0.008075799459776671, 0.01871095636005084, 0.10033190670015556, 0.03669846714838941, 0.09912439679948198, 0.0643508154757034, 0.014070129297044992, 0.0020594559851890176, 0.20130297339339343, 0.010885986458129084, 0.24761839381079803, 0.09261357108177502, 0.017514068976115814, 0.014221355076733297, 0.008076154061212362, 0.009905881760360214, 0.09978001755203597, 0.03670175886885622, 0.09914797475802894, 0.06435134041710736, 0.01407159951245209, 0.0020802953040841054, 0.19758837036984744, 0.010893782758839681, 0.24842147004931878, 0.09262938364947122, 0.0175150299187448, 0.013731893086338813, 0.008076463005410062, 0.0009368258660926246, 0.0994902239338828, 0.036703719160453785, 0.09917051045446909, 0.06435195282614878, 0.014072990939908808, 0.0021011337471731895, 0.1934286115824288, 0.010897680861294614, 0.24906016422825294, 0.09264519542335388, 0.017515029918744807], "epsilon": 1e-08}