{"mean": [0.2730639799045051, -0.0019922775729569442, 0.9778109830138211, 0.810730719802603, 0.005390969957912856, 0.001279509899488639, -0.1908517963473299, 0.0019433796990002807, 0.0004713361902495305, 0.9221567789825874, 0.0035863402721843774, 0.35736650269968234, 0.11743645163864301, 0.021419389880893924, 0.2742693376941165, -0.0019874841607353208, 0.9851225542678183, 0.8111704871071724, 0.005398443576151588, 0.0012865915677267256, -0.19085578227709224, 0.0019447880607501575, 0.0004773150848404413, 0.9291630469316572, 0.003594312131638884, 0.36467071886416963, 0.11744342701559127, 0.021420386363325723, 0.27547457714672247, -0.0019828076687899206, 0.9924340460471751, 0.8114709662115996, 0.005405917194390174, 0.001295121457249951, -0.1908577752421053, 0.0019463027139752377, 0.00048329397943133295, 0.9361404169998727, 0.003606269920820702, 0.3719759315104245, 0.11744840942767688, 0.0214203863633258, 0.2766797107094405, -0.0019782816459621507, 0.9997454185043695, 0.8116301642661171, 0.0054128925714129065, 0.0013051527133491833, -0.19085926996578803, 0.0019479236586755634, 0.0004892728740222483, 0.9432134494587426, 0.0036062699208207053, 0.3792811441488792, 0.11745538480462459, 0.02142038636332562], "variance": [0.01610823343696756, 0.0027185476678240656, 0.02159620798934326, 0.09007925202227278, 0.0032468731402428034, 0.012603964791571134, 0.07045057487488897, 0.016784866380128792, 0.0004711140673648926, 0.07178364395764067, 0.0035734780358561242, 0.22965568607444323, 0.10364512592707238, 0.020960597160421524, 0.01564908862858411, 0.0027192795494582313, 0.014554888144775567, 0.0894034992344156, 0.003251027554093112, 0.012629932222005827, 0.0704510463803939, 0.016785861815414315, 0.0004770872892620491, 0.06581906932538267, 0.0035813926509234003, 0.23168598644889088, 0.10365046292869454, 0.020961550953614527, 0.015187062408011553, 0.0027199364636681877, 0.007406800455512178, 0.08893958658469538, 0.00325468361515274, 0.012657671756821856, 0.0704517803624014, 0.016787012727043443, 0.0004830604396648415, 0.05978152715489176, 0.003593264335405932, 0.23360983881570888, 0.10365427501332788, 0.020961550953614544, 0.014722154892051894, 0.0027205407174950213, 0.00015202890464908268, 0.08869624560719848, 0.003258594079123345, 0.012687340494479529, 0.07045245540383144, 0.016788330452152448, 0.000489033518573279, 0.053561829134344395, 0.0035932643354059366, 0.2354269589181879, 0.10365961184812637, 0.02096155095361476], "epsilon": 1e-08}