{"mean": [-0.04817535962382818, -3.279375285374742e-05, 0.9835958014025677, 0.7585183397443035, 0.005595847142645145, 0.0008456615259365526, 0.006720568360619759, 0.0016167723021502179, 0.018035877913647753, 0.8902700628164586, 0.004689284410676478, 0.006269518849357, 0.34559422268682943, 0.06893042824643972, 0.013396019422075783, 0.007427241367356266, -0.0482326151845241, -3.304925297516026e-05, 0.9849392918234263, 0.7591415547608624, 0.005595739755821056, 0.0008476651358400864, 0.006699354921919721, 0.0016173781682362165, 0.018046241413570918, 0.8916063563849181, 0.0046916759875782876, 0.006273305512784943, 0.3456705538481044, 0.06901313694814779, 0.01340997028733677, 0.007435811184588147, -0.04829021306363491, -3.335962650288643e-05, 0.9862827762737736, 0.7597645644979363, 0.005596091775829499, 0.0008493790991905747, 0.006678305314792794, 0.0016183746585085805, 0.0180562063173283, 0.8929436464531098, 0.004695263352931073, 0.006276892878137591, 0.34574588851955773, 0.06909863582283672, 0.013423323258371695, 0.007444381001819712, -0.048348155202406186, -3.3751778673256383e-05, 0.9876262547491275, 0.7603874546572006, 0.005596692584005851, 0.0008511648098884713, 0.006657345973404018, 0.0016193472329488845, 0.018065772624935878, 0.8942843245911907, 0.0046988507182839125, 0.00627988234926518, 0.34582082459442326, 0.06918572908206264, 0.013436476931332052, 0.007452552222901067], "variance": [0.19260212273573224, 0.000919933917295026, 0.005829979323184174, 0.09836376017347777, 0.015092681592290446, 0.004391755599173621, 0.035559792369466166, 0.005659840446289466, 0.01771058293171965, 0.09768926952594956, 0.004667294424085337, 0.006230211202661938, 0.22615885474606182, 0.06417901942879681, 0.013216564409655636, 0.007372076492196934, 0.19282288260544997, 0.0009209597287968337, 0.00449998287755944, 0.09798810764309643, 0.015096273325273822, 0.004396981150101529, 0.03564537417019012, 0.005666316931951453, 0.017720572493746246, 0.0966444531059714, 0.0046696635654627505, 0.006233950370222436, 0.22618242086435397, 0.06425031899600277, 0.01323014130675356, 0.007380518934725169, 0.19304246817413123, 0.0009219841656022491, 0.0031663793855883277, 0.09761187961397291, 0.015099881438349849, 0.004402091503611041, 0.03573180109304773, 0.005672549487534319, 0.01773017763929157, 0.09559528219896223, 0.004673217255957132, 0.006237492713085081, 0.22620566790610755, 0.06432400946770692, 0.013243135972340649, 0.007388961230393776, 0.1932609257557894, 0.0009230037172753891, 0.001829167819431409, 0.09723498827801456, 0.01510335837516075, 0.004407106739124916, 0.035818023880166375, 0.005678262242617199, 0.017739398392162896, 0.09453986289142037, 0.004676770920658271, 0.0062404446457185545, 0.22622878068701266, 0.06439905908941378, 0.013255936338984932, 0.0073970107243900565], "epsilon": 1e-08}