{"mean": [-0.23989194953868773, 0.05079957077031623, 0.9710488926467571, 0.7601820566219831, -0.09410879784465273, 0.013674927961431839, 0.1600759349656303, 0.0017175236489767325, 0.0017438442556800909, 0.7198877963323139, 0.005171743821502415, 0.4519565996084795, 0.10093171298867114, 0.018203741071267186, -0.24135406964521633, 0.05080515073948651, 0.9803088063745575, 0.7607467228828202, -0.0941122855331271, 0.013692187035776177, 0.16007992089502407, 0.001718892151516175, 0.0017587914921573474, 0.7288401941018877, 0.0051777227160934, 0.461214917713665, 0.100947656707655, 0.018203741071267116, -0.2428165634285102, 0.05081043508546074, 0.9895694179832776, 0.7611341948264164, -0.09412025739261873, 0.013706390231211719, 0.1600819138597383, 0.0017204200911849535, 0.0017747352110664173, 0.7377537290789631, 0.005184698093116159, 0.47047423229259666, 0.10096360042663965, 0.01820374107126693, -0.24427900738505792, 0.050815529103682935, 0.9988297111137482, 0.7613412039603568, -0.0941222503574825, 0.013716487920033922, 0.1600839068246014, 0.0017221074680549735, 0.0017906789299755041, 0.7467798665940039, 0.005186691057979618, 0.47973354684561215, 0.10098054062805277, 0.018203741071267064], "variance": [0.014527202677150993, 0.00922889567261376, 0.027693257514747285, 0.10188397463158007, 0.03960845359384476, 0.11927088156850708, 0.0633790146783023, 0.014918489793990717, 0.001740803136548318, 0.20164935408375387, 0.005144996283693515, 0.24769183356433577, 0.09074449714220795, 0.01787236278122278, 0.01405847882596054, 0.009229243630909621, 0.018881028973861826, 0.10107702526939226, 0.039611035704946965, 0.11930734392551186, 0.06337973152430579, 0.014919600974523002, 0.001755698016417925, 0.19763216238489945, 0.00515091329922601, 0.24849571931524886, 0.09075722215291475, 0.017872362781222936, 0.013585499394352957, 0.009229538719451319, 0.009896894552911411, 0.10052248322598042, 0.03961401931229619, 0.11934303452744266, 0.06338008993537482, 0.014920866079537572, 0.0017715853957332576, 0.19347316091872457, 0.005157816393690449, 0.24912823099926437, 0.0907699466552158, 0.01787236278122266, 0.01310823204060763, 0.00922980128411669, 0.000741860207518873, 0.10023155823768938, 0.03961613535763806, 0.11937854382866772, 0.06338044833859494, 0.014922302114413621, 0.0017874722666441714, 0.18909969388434728, 0.005159788688431174, 0.24958927284334248, 0.09078346588234333, 0.017872362781223262], "epsilon": 1e-08}