{"mean": [0.02119708974631386, 0.011173341699640032, 0.9855902405719862, 0.836520133803407, 0.003008188184028756, 0.0028786382872230333, -0.0015607249473800038, 0.001923396968919768, 0.01624266364270376, 0.9306119326096415, 0.003254511622314978, 0.004399469936695627, 0.2262642917958995, 0.08113858228148223, 0.01466622843393553, 0.008430241373173612, 0.02120700310670731, 0.011187924555524682, 0.9868837347418373, 0.8373564117350056, 0.003006647712726719, 0.0028892940053924427, -0.0015371246577833677, 0.0019234102552219347, 0.016252628467021822, 0.9318874301432312, 0.003255508104746804, 0.004403455866422948, 0.226314115918158, 0.08124819534957592, 0.014685161600140034, 0.008443195644787191, 0.02121727397380186, 0.011202240686453029, 0.988177228917017, 0.8381926896603713, 0.003004968894436293, 0.0029013846587349957, -0.0015152949969539234, 0.0019246458933129384, 0.016262593291340083, 0.9331459874658332, 0.003262483481769519, 0.004408438278581955, 0.22636294355754114, 0.08135880490062221, 0.014705091248776421, 0.008456149916400743, 0.02122790332594675, 0.011216353866909957, 0.9894706932058468, 0.8390289675788911, 0.003005642649953843, 0.0029146710912458062, -0.0014929883591538724, 0.001926519280120766, 0.016273554598089733, 0.9344165025817701, 0.0032704553412240584, 0.004415413655604713, 0.22640778526734315, 0.08147340038132116, 0.014725020897412698, 0.008470100670446165], "variance": [0.2542884287789948, 0.003149610556020352, 0.005278024297865128, 0.08049455126108954, 0.006828508995385421, 0.028439694669739807, 0.0321131262154198, 0.006965752952109655, 0.01597883772345824, 0.06457335410078575, 0.003243919429335935, 0.0043801140921659355, 0.17506875898952953, 0.07455510800967478, 0.01445112856116858, 0.008359171430092955, 0.254584202846435, 0.0031532311296620366, 0.003994063189332389, 0.07989901977188663, 0.006832187387627228, 0.02847552393548463, 0.03218783747406314, 0.006971243386122539, 0.015988478737026492, 0.06347323835189718, 0.0032449094244930863, 0.00438406493343181, 0.1750960337917779, 0.0746469213664697, 0.01446950601012663, 0.008371907116808717, 0.2548790436317495, 0.0031568428146838577, 0.00270675582856613, 0.0793020895608325, 0.0068343513350894195, 0.028512206319403956, 0.03226200516726864, 0.006976795726141303, 0.015998119551565375, 0.06238454426020333, 0.0032518393351048686, 0.004389003440763885, 0.1751227582806727, 0.07473954503044644, 0.01448884991889159, 0.008384642467898454, 0.2551729731775353, 0.003160445522832345, 0.0014161042746657522, 0.07870376062943575, 0.006837508452211537, 0.028547823842549756, 0.03233565780401535, 0.006982137274944661, 0.016008724218352737, 0.061282293053017495, 0.003259759113968667, 0.004395917267207609, 0.1751472969772569, 0.0748354806774789, 0.014508193033274608, 0.008398357086019066], "epsilon": 1e-08}